id, username, firstName, lastName, emplType, numComplaint, payGrade, password
1001, dsakura, Doge, Sakura, 0, 0, 5, dsakura1001
1002, gramsay, Gordon, Ramsay, 1, 0, 4, gramsay1002
1003, hhudson, Henry, Hudson, 1, 0, 4, hhudson1003
1004, rmcdona, Ronald, McDonald, 1, 0, 3, rmcdona1004
1005, jlopez, Jennifer, Lopez, 1, 0, 3, jlopez1005
1006, gford, Gerald, Ford, 1, 0, 3, gford1006
1007, mjordan, Michael, Jordan, 2, 0, 2, mjordan1007
1008, jlin, Jeremy, Lin, 2, 0, 2, jlin1008
1009, janisto, Jennifer, Aniston, 2, 0, 2, janisto1009
